Title,Brand,Rating,Reviews,Price,Image URL,Product URL,Is Sponsored
Storio Toy Octopus Plushie Reversible Soft Toys for Kids | Plush Soft Toys for Baby Boys and Girls| Best Gift | Octopus Soft Toy for Kids -PurplePink,Visit the Storio Store,4.2,1680,₹179.00,https://m.media-amazon.com/images/I/4119DqJYVyL._SX300_SY300_QL70_FMwebp_.jpg,https://www.amazon.in/Storio-Octopus-Plushie-Reversible-Plush/dp/B0D6Z1YPTZ/ref=sr_1_5,NO
"Babique Elephant Sitting Plush Soft Toy Cute Kids Animal Home Decor Boys/Girls (Blue, 30 cm)",Visit the Babique Store,4.2,2651,₹253.00,https://m.media-amazon.com/images/I/41YWTwH7D8L._SX300_SY300_QL70_FMwebp_.jpg,https://www.amazon.in/Babique-Elephant-Sitting-Plush-Animal/dp/B0BD5TR6FD/ref=sr_1_6,NO
"Babique Unicorn Teddy Bear Plush Soft Toy Cute Kids Birthday Animal Baby Boys/Girls (25 Cm, Yellow)",Visit the Babique Store,4.1,4740,₹169.00,https://m.media-amazon.com/images/I/31yo5zSaOYL._SX300_SY300_QL70_FMwebp_.jpg,https://www.amazon.in/Babique-Unicorn-Stuffed-Birthday-Yellow/dp/B08LTGRJSV/ref=sr_1_7,NO
Babique Dog Sitting Plush Soft Toy Cute Kids Animal Home Decor Boys/Girls White (25 cm),Visit the Babique Store,4.2,2651,₹179.00,https://m.media-amazon.com/images/I/31cd+95XwmL._SY300_SX300_.jpg,https://www.amazon.in/Babique-Sitting-Plush-Animal-Decor/dp/B0B2F8XS9L/ref=sr_1_8,NO
Storio Toy Plushie Super Soft Toys for Kids | Adorable Plush Soft Toys for Baby Boys and Girls Kids - Penguine Black & White,Visit the Storio Store,4.2,1680,₹189.00,https://m.media-amazon.com/images/I/41R85iJRrgL._SX300_SY300_QL70_FMwebp_.jpg,https://www.amazon.in/Storio-Plushie-Super-Adorable-Plush/dp/B0CQG83Q12/ref=sr_1_9,NO
Amazon Brand - Jam & Honey Soft Penguin Plush Toy for Kids | Soft Toy for Boys and Girls | Super-Soft and Safe| Ideal for Gifting | Height 17 cm | Black and White,Visit the Amazon Brand - Jam & Honey Store,4.4,13332,₹198.00,https://m.media-amazon.com/images/I/41SMFsDvi2L._SX300_SY300_QL70_FMwebp_.jpg,https://www.amazon.in/Amazon-Brand-Penguin-Super-Soft-Birthday/dp/B0C46HFZX6/ref=sr_1_10,NO
"DearJoy Big Size Fibre Filled Stuffed Animal Elephant Soft Toy for Kids of Plush Hugging Soft Toy for Kids boy Girl Birthday Gift (60 cm, Grey Color)",Visit the DearJoy Store,4.3,9024,₹560.00,https://m.media-amazon.com/images/I/41S3m+7Zc4L._SX300_SY300_.jpg,https://www.amazon.in/DearJoy-Baby-Elephant-Pillow-Grey/dp/B075VTNC7X/ref=sr_1_11,NO
Babique Cat Flower Plush Soft Toy Cute Kids Animal Home Decor Boys/Girls (Pack of 1)(25 cm),Visit the Babique Store,4.0,1229,₹219.00,https://m.media-amazon.com/images/I/31byT720vAL._SX300_SY300_QL70_FMwebp_.jpg,https://www.amazon.in/Babique-Flower-Plush-Animal-Decor/dp/B0BFNYP192/ref=sr_1_12,NO
"Babique Unicorn Teddy Bear Plush Soft Toy Cute Kids Birthday Animal Baby Boys/Girls (25 cm, Pink)",Visit the Babique Store,4.2,9386,₹159.00,https://m.media-amazon.com/images/I/31MpLLuk4EL._SX300_SY300_QL70_FMwebp_.jpg,https://www.amazon.in/Babique-Unicorn-Stuffed-Plush-Birthday/dp/B08LTGVND9/ref=sr_1_13,NO
Babique Nemo Fish Toy Plush Soft Toy Cute Kids Animal Home Decor Boys/Girls -Orange (25 cm),Visit the Babique Store,4.2,2651,₹209.00,https://m.media-amazon.com/images/I/41j3U7m4IuL._SX300_SY300_QL70_FMwebp_.jpg,https://www.amazon.in/Babique-Plush-Animal-Decor-Orange/dp/B0CBZ6KL29/ref=sr_1_14,NO
Storio Toy Super Cute Plushie Soft Toys for Kids | Plush Soft Toys for Baby Boys and Girls Kids -Reversible Rabbit | Best Valentine Gift,Visit the Storio Store,4.2,1680,₹299.00,https://m.media-amazon.com/images/I/41bXqi14gyL._SX300_SY300_QL70_FMwebp_.jpg,https://www.amazon.in/Storio-Plushie-Reversible-Rabbit-Valentine/dp/B0CQG947NZ/ref=sr_1_15,NO
"Niku Rabbit with Chain Reversible Bunny Rabbit Soft Stuffed Toys for Girls Boys Baby Kids | Doll, Teddy Bear plushies, Animal Toy | Strawberry/Carrot Shaped Pink Colour | Valentine's Gift",Brand: Niku,4.1,691,₹351.00,https://m.media-amazon.com/images/I/41tGPdbSoOL._SX300_SY300_QL70_FMwebp_.jpg,https://www.amazon.in/Niku-Reversible-Stuffed-plushies-Strawberry/dp/B0CPVNTZ4K/ref=sr_1_16,NO
Babique Pluto Sitting Plush Soft Toy Cute Kids Animal Home Decor Boys/Girls (30 Cm),Visit the Babique Store,4.2,2335,₹309.00,https://m.media-amazon.com/images/I/31WDdu5EKLL._SX300_SY300_QL70_FMwebp_.jpg,https://www.amazon.in/Babique-Pluto-Stuffed-Plush-Yellow/dp/B07ZJG1FGL/ref=sr_1_17,NO
"Webby Plush Husky Dog Stuffed Animal Puppy Soft Toy, Adorable Gifts for Kids and Adult, Glitter Eyes Soft Toy, 35CM (Grey)",Visit the Webby Store,4.5,924,₹400.00,https://m.media-amazon.com/images/I/41sUp2U3XzL._SX300_SY300_QL70_FMwebp_.jpg,https://www.amazon.in/Webby-Plush-Stuffed-Animal-Adorable/dp/B0B42TFR9D/ref=sr_1_18,NO
"Babique Plush Soft Toy Cute Kids Animal Home Decor Boys/Girls/Baby (28 Cm, Monkey)",Visit the Babique Store,4.3,3440,₹179.00,https://m.media-amazon.com/images/I/41vQT7eFlOL._SX300_SY300_QL70_FMwebp_.jpg,https://www.amazon.in/Babique-Sitting-Monkey-Plush-Animal/dp/B08L21WXD8/ref=sr_1_19,NO
"Niku Doll (30cm, Pink) | Soft Plush Doll Toy with Rabbit Ear, Teddy Bear, Best Gift Toy and Pillow for Kids, Girls and Adults | Valentines",Brand: Niku,4.1,691,₹295.00,https://m.media-amazon.com/images/I/51iaZJwi7yL._SY300_SX300_QL70_FMwebp_.jpg,https://www.amazon.in/Niku-Super-Rabbit-Pillow-Adults/dp/B0CR886N1T/ref=sr_1_20,NO
"Babique Plush Soft Toy Cute Kids Animal Home Decor Boys/Girls/Baby (10 cm, Rattle Ball)",Visit the Babique Store,3.9,2983,₹110.00,https://m.media-amazon.com/images/I/31cJ8unoHfL._SX300_SY300_QL70_FMwebp_.jpg,https://www.amazon.in/Babique-Ball-Rattle-Sound-Birthday/dp/B08PVYDSX1/ref=sr_1_25,NO
SCOOBA Super Soft 30cm Small White Color Cow Soft Toy - Polyfill Washable Cuddly Soft Plush Toy - Helps to Learn Role Play,Visit the SCOOBA Store,4.2,587,₹379.00,https://m.media-amazon.com/images/I/41tyFDOnNHL._SX300_SY300_QL70_FMwebp_.jpg,https://www.amazon.in/SCOOBA-Super-Soft-30cm-Small/dp/B08SWP7FTB/ref=sr_1_26,NO
"Future Shop Pack of 4 Panda, Squirrel, Griffe & Pink Dolphine. Best Soft Combo Toys Toy for Cute Kids Baby Boys/Girls Animal Stuffed Plush Toy Teddy Bear for Kids.",Visit the Future Shop Store,4.1,480,₹455.00,https://m.media-amazon.com/images/I/41CB-Bd3k3L._SX300_SY300_QL70_FMwebp_.jpg,https://www.amazon.in/Future-Shop-Squirrel-Dolphine-Friendly/dp/B0C1NPYZB4/ref=sr_1_27,NO
"SIVIGE Blue Premium Soft Quality Lovable Huggable Soft Toy, Plush Teddy Bear, Elegant Soft Plush Toy for Babies, Great Birthday Gift for Girls&Boys for Valentine Special 30 CM",Brand: SIVIGE,4.1,58,₹429.00,https://m.media-amazon.com/images/I/41kQHyq2j+L._SY300_SX300_.jpg,https://www.amazon.in/SIVIGE-Premium-Huggable-Birthday-Valentine/dp/B0DQ8HTRQC/ref=sr_1_28,NO
"Hug 'n' Feel Baby Penguin Soft Toy (25 cm) – Cute & Cuddly Random Color Plush Penguin for Kids & Babies – Ideal Gift for Newborns, Toddlers & Children – Perfect for Hugging, Snuggling & Playtime",Visit the HUG 'n' FEEL SOFT TOYS Store,4.0,34273,₹261.00,https://m.media-amazon.com/images/I/511I9BYWonL._SX300_SY300_QL70_FMwebp_.jpg,https://www.amazon.in/HUG-FEEL-SOFT-TOYS-Penguin/dp/B0CW1VMD99/ref=sr_1_29,NO
"Storio Plushie Flying Unicorn | Soft Toys | Birthday Gift for Girls/Wife, Boyfriend/Husband, Soft Toys for Girls, Baby Toys - Sleeping Unicorn",Visit the Storio Store,4.2,1680,₹299.00,https://m.media-amazon.com/images/I/41mPHaF8o-L._SX300_SY300_QL70_FMwebp_.jpg,https://www.amazon.in/Storio-Unicorn-Soft-Birthday-Boyfriend/dp/B0DJCYTFZS/ref=sr_1_30,NO
"Babique Rabbit Plush Cute Rabbit Soft Toys Animal Home Decor Baby/Boys/Girls (Pink, 26 cm)",Visit the Babique Store,3.9,660,₹179.00,https://m.media-amazon.com/images/I/31JANB6ujEL._SX300_SY300_QL70_FMwebp_.jpg,https://www.amazon.in/Babique-Rabbit-Stuffed-Plush-Birthday/dp/B08LTGCVQT/ref=sr_1_31,NO
SCOOBA Penguin Soft Toy 20 cm (Purple Penguin with Scarf),Visit the SCOOBA Store,4.3,694,₹299.00,https://m.media-amazon.com/images/I/31IiUwflKYL._SX300_SY300_QL70_FMwebp_.jpg,https://www.amazon.in/SCOOBA-Penguin-Soft-Purple-Scarf/dp/B0F5BP2PB5/ref=sr_1_32,NO
"HUG 'n' FEEL SOFT TOYS Long Soft Lovable Huggable Cute Giant Life Size Teddy Bear Plush & Stuffed Toys (35cm, Avocado)",Visit the HUG 'n' FEEL SOFT TOYS Store,4.0,34273,₹499.00,https://m.media-amazon.com/images/I/41DX4usBUXL._SX300_SY300_QL70_FMwebp_.jpg,https://www.amazon.in/HUG-FEEL-SOFT-TOYS-Huggable/dp/B0BLCLG8XJ/ref=sr_1_33,NO
SCOOBA Baby Penguin Soft Toy 25 cm (Strawberry),Visit the SCOOBA Store,4.3,694,₹379.00,https://m.media-amazon.com/images/I/51Tj8KMIlvL._SX300_SY300_QL70_FMwebp_.jpg,https://www.amazon.in/SCOOBA-Baby-Penguin-Soft-Strawberry/dp/B0DWXJ5JQ4/ref=sr_1_34,NO
"SCOOBA Soft Plush Elephant Toy, 30cm, Cute Stuffed Animal for Kids, Birthday, Baby Shower or Christmas Gift",Visit the SCOOBA Store,3.6,27,₹474.00,https://m.media-amazon.com/images/I/51HERc9v1EL._SX300_SY300_QL70_FMwebp_.jpg,https://www.amazon.in/SCOOBA-Elephant-Stuffed-Birthday-Christmas/dp/B0D5BKT2TS/ref=sr_1_35,NO
"Amazon Brand - Jam & Honey Dinosaur, Cute, Plush/Soft Toy, Suitable for Boys, Girls and Kids, Super-Soft, Safe, 34 cm (Green & Yellow)",Visit the Amazon Brand - Jam & Honey Store,4.4,13332,₹225.00,https://m.media-amazon.com/images/I/516pz6c3rrL._SY300_SX300_QL70_FMwebp_.jpg,https://www.amazon.in/Amazon-Brand-Dinosaur-Suitable-Super-Soft/dp/B0CCD1SVCC/ref=sr_1_36,NO
SCOOBA Baby Capybara Soft Toy 16cm Height for Your Loved Ones (Baby Capybara),Visit the SCOOBA Store,4.2,587,₹299.00,https://m.media-amazon.com/images/I/41bJQ+LGULL._SX300_SY300_.jpg,https://www.amazon.in/SCOOBA-Baby-Capybara-Height-Loved/dp/B0F3DC99V6/ref=sr_1_37,NO
"Niku Penguin (Pink, 25cm) | Stuffed Soft Toy Teddy Bear for Girls, Boys and Kids, Safe, Return Birthday Gift for Girls Valentines",Brand: Niku,4.1,691,₹333.00,https://m.media-amazon.com/images/I/513TfTuul7L._SX300_SY300_QL70_FMwebp_.jpg,https://www.amazon.in/Niku-Penguin-Stuffed-Birthday-Valentines/dp/B0DFVHTV7B/ref=sr_1_38,NO
"HUG 'n' FEEL SOFT TOYS Unicorn, Soft Toy, Baby Toys, Kids Toy, Soft Toy, Toy for Girl, Birthday Gift for Girl Boys, Toy Gift for Girls, Kids Toys for Boys Girl, Toys Gift Items, (30cm, Pink)",Visit the HUG 'n' FEEL SOFT TOYS Store,4.0,34273,₹152.00,https://m.media-amazon.com/images/I/41myRQhOsjL._SX300_SY300_QL70_FMwebp_.jpg,https://www.amazon.in/HUG-FEEL-SOFT-TOYS-Birthday/dp/B08X3PCGKS/ref=sr_1_39,NO
SCOOBA Super Soft Adorable cat Stuffed Toy Pack of 1 25cm,Visit the SCOOBA Store,4.2,76,₹379.00,https://m.media-amazon.com/images/I/51UmNYyWxZL._SX300_SY300_QL70_FMwebp_.jpg,https://www.amazon.in/SCOOBA-Super-Soft-Adorable-Stuffed/dp/B0C3W2RVVF/ref=sr_1_40,NO
Richy Toys White Dog Cute Plush Soft Toys for Kids Birthday Gift 26 cm,Visit the Richy Toys Store,4.0,4610,₹174.00,https://m.media-amazon.com/images/I/31sliAz7qNL._SY300_SX300_QL70_FMwebp_.jpg,https://www.amazon.in/Babique-Cute-White-Animal-Birthday/dp/B06XH1TDRR/ref=sr_1_41,NO
Storio Toy Super Cute Plushie Soft Toys for Kids | Plush Soft Toys for Baby Boys and Girls Kids - Husky Dog | Best Valentine Gift,Visit the Storio Store,4.2,1680,₹379.00,https://m.media-amazon.com/images/I/41i6lqcvlZL._SX300_SY300_QL70_FMwebp_.jpg,https://www.amazon.in/Storio-Super-Plushie-Plush-Girls/dp/B0CQG69GBY/ref=sr_1_42,NO
Webby Plush Cute Hamster Soft Toy Ragdoll Doll Big Pillow Girl Sleeping Bed Cute Girl Birthday Gift for Kids 35 cm,Visit the Webby Store,4.3,387,₹848.00,https://m.media-amazon.com/images/I/41wjAzcbSTL._SX300_SY300_QL70_FMwebp_.jpg,https://www.amazon.in/Webby-Hamster-Ragdoll-Sleeping-Birthday/dp/B09P3RV7XT/ref=sr_1_43,NO
"Babique Panda Bamboo Stuffed Animals Plush Toy, Bamboo Tube Panda Pillow Stuffed Panda Bear Plushies Panda Doll Gifts for Boys Girls",Visit the Babique Store,4.3,629,₹399.00,https://m.media-amazon.com/images/I/417OJ0vVu-L._SY300_SX300_QL70_FMwebp_.jpg,https://www.amazon.in/Babique-Bamboo-Stuffed-Animals-Plushies/dp/B0D12N75XV/ref=sr_1_44,NO
"pikipo Bunny Face Rattle Soft Toy(Plush) for Baby with Squeeze Handle for Squeaky Sound (Pink), Toddler",Visit the pikipo Store,4.4,852,₹169.00,https://m.media-amazon.com/images/I/31-zniNfxZL._SX300_SY300_QL70_FMwebp_.jpg,https://www.amazon.in/Pikipo-Rattle-Squeeze-Handle-Squeaky/dp/B0BZYWTKLB/ref=sr_1_45,NO
Storio Toy Shark Plushie Reversible Soft Toys for Kids | Plush Soft Toys for Baby Boys and Girls| Best Gift | Shark Soft Toy for Kids,Visit the Storio Store,4.2,1680,₹189.00,https://m.media-amazon.com/images/I/31v1BllDCKL._SX300_SY300_QL70_FMwebp_.jpg,https://www.amazon.in/Storio-Shark-Plushie-Reversible-Plush/dp/B0D6YZJKZ2/ref=sr_1_46,NO
"Webby Soft Animal Plush Elephant Toy 20cm, Blue & Grey",Visit the Webby Store,4.4,5898,₹225.00,https://m.media-amazon.com/images/I/41lIwmBEuDS._SX300_SY300_QL70_FMwebp_.jpg,https://www.amazon.in/Webby-Soft-Animal-Plush-Elephant/dp/B08QX75XNZ/ref=sr_1_47,NO
"Storio Soft Animal Plush Elephant Toy 20cm, Grey and Blue",Visit the Storio Store,4.2,1680,₹199.00,https://m.media-amazon.com/images/I/41U8pPfCKXL._SX300_SY300_QL70_FMwebp_.jpg,https://www.amazon.in/Storio-Soft-Animal-Elephant-Toy/dp/B0CDM2RXDS/ref=sr_1_48,NO
Richy Toys White Dog Cute Plush Soft Toys for Kids Birthday Gift 26 cm,Visit the Richy Toys Store,4.0,4610,₹177.00,https://m.media-amazon.com/images/I/41PEdGMPdtL._SY300_SX300_QL70_FMwebp_.jpg,https://www.amazon.in/Babique-Cute-Brown-Animal-Birthday/dp/B06XH26KJ4/ref=sr_1_49,NO
SCOOBA Super Soft Korean Quality Frock Dress Rabbit 35cm Pack of 1,Visit the SCOOBA Store,3.6,59,₹399.00,https://m.media-amazon.com/images/I/51pu0-snHbL._SX300_SY300_QL70_FMwebp_.jpg,https://www.amazon.in/SCOOBA-Super-Frock-Dress-Rabbit/dp/B0BW619D7K/ref=sr_1_50,NO
Webby Plush Standing Giraffe Soft Toys for Kids 30 CM (Yellow),Visit the Webby Store,4.3,370,₹329.00,https://m.media-amazon.com/images/I/313KuHtntyL._SX300_SY300_QL70_FMwebp_.jpg,https://www.amazon.in/Webby-Plush-Standing-Giraffe-Yellow/dp/B0CZTVNF73/ref=sr_1_51,NO
SCOOBA Soft Cute Bella Doll 50cm - Polyfill Washable Cuddly Soft Plush Toy - Helps to Learn Role Play - 100% Safe for Kids,Visit the SCOOBA Store,3.9,199,₹569.00,https://m.media-amazon.com/images/I/61kx5wblTfL._SX300_SY300_QL70_FMwebp_.jpg,https://www.amazon.in/SCOOBA-Soft-Bella-Shimmery-Heart/dp/B08VJGC9CY/ref=sr_1_52,NO
Storio Toy Cute Rainbow Colored Huggable Teddy Bear | 30 cm | Plushie Soft Toys for Kids | Plush Soft Toys for Baby Boys and Girls Kids - Teddy | Best Valentine Gift,Visit the Storio Store,4.2,1680,₹329.00,https://m.media-amazon.com/images/I/41GynUOtS8L._SX300_SY300_QL70_FMwebp_.jpg,https://www.amazon.in/Storio-Rainbow-Colored-Huggable-Plushie/dp/B0CQG8TQYS/ref=sr_1_53,NO
Babique Cute Pink Rabbit soft Toys 26 cm (pink),Visit the Babique Store,4.1,839,₹159.00,https://m.media-amazon.com/images/I/31JANB6ujEL._SX300_SY300_QL70_FMwebp_.jpg,https://www.amazon.in/Babique-Richy-Toys-Plush-Rabbit/dp/B01FC8RSAE/ref=sr_1_54,NO
YBN Plushie Soft Toys for Kids | Plush Soft Toys for Baby Boys and Girls Kids - Avacado Soft Toy | Best Valentine Gift | Birthday Gifts for Kids (30 CM),Brand: YBN,4.1,9,₹169.00,https://m.media-amazon.com/images/I/41yNDBhMwUL._SX300_SY300_QL70_FMwebp_.jpg,https://www.amazon.in/YBN-Plushie-Soft-Plush-Girls/dp/B0DKCDPD1X/ref=sr_1_55,NO
Babique Reversible plushie Cat Stuffed Soft Toy Plush Soft Toy Cute Kids Animal Home Decor Boys/Girls/Baby (Blue 15cm),Visit the Babique Store,3.6,228,₹159.00,https://m.media-amazon.com/images/I/41Sln8WznEL._SY300_SX300_QL70_FMwebp_.jpg,https://www.amazon.in/Babique-Reversible-plushie-Stuffed-Animal/dp/B0C3BLSMYR/ref=sr_1_56,NO
Unknown, ,,,